{
  "enablePullDownRefresh": false,
  "navigationBarTitleText": "我的订单",
  "usingComponents": {
    "van-swipe-cell": "/res/vant/swipe-cell/index",
    "van-cell": "/res/vant/cell/index",
    "van-cell-group": "/res/vant/cell-group/index",
    "van-tag": "/res/vant/tag/index",
    "van-toast": "/res/vant/toast/index",
    "van-tab": "/res/vant/tab/index",
    "van-tabs": "/res/vant/tabs/index",
    "van-icon": "/res/vant/icon/index",
    "van-button": "/res/vant/button/index"
  }
}