{
	"easycom": {
		"^u-(.*)": "@/uview-ui/components/u-$1/u-$1.vue"
	},
	"pages": [
		{
			"path": "pages/index/index",
			"style": {
				"navigationBarTitleText": "首页",
				"navigationStyle": "custom",
				"enablePullDownRefresh": false
			}
		},
		{
			"path" : "pages/login/index",
			"style" : {
				"navigationBarTitleText": "登录",
				"enablePullDownRefresh": false
			}
		},
		{
			"path": "pages/presentation/index",
			"style": {
				"navigationBarTitleText": "数据统计"
			}
		},
		{
			"path" : "pages/client/index",
			"style" : {
				"navigationBarTitleText": "客户列表",
				"navigationStyle": "custom",
				"enablePullDownRefresh": false
			}
		},
		{
			"path" : "pages/clues/list",
			"style" : {
				"navigationBarTitleText": "线索列表",
				"navigationStyle": "custom",
				"enablePullDownRefresh": false
			}
		},
		{
			"path" : "pages/clues/cluesDetails",
			"style" : {
				"navigationBarTitleText": "线索详情",
				"enablePullDownRefresh": false
			}
		},
		{
			"path" : "pages/clues/details",
			"style" : {
				"navigationBarTitleText": "线索详情",
				"enablePullDownRefresh": false
			}
		},
		{
			"path" : "pages/clues/followUp",
			"style" : {
				"navigationBarTitleText": "填写跟进记录",
				"enablePullDownRefresh": false
			}
		},
		{
			"path" : "pages/clues/filter",
			"style" : {
				"navigationBarTitleText": "筛选",
				"enablePullDownRefresh": false
			}
		},
		{
			"path" : "pages/clues/index",
			"style" : {
				"navigationBarTitleText": "添加线索",
				"enablePullDownRefresh": false
			}
		},
		{
			"path" : "pages/business/index",
			"style" :                                                                                    
			{
				"navigationBarTitleText": "商机列表",
				"navigationStyle": "custom",
				"enablePullDownRefresh": false
			}
		},
		{
			"path" : "pages/login/apply",
			"style" :                                                                                    
				{
					"navigationBarTitleText": "登录",
					"enablePullDownRefresh": false
				}
		},
		{
			"path" : "pages/login/clause",
			"style" :                                                                                    
			{
				"navigationBarTitleText": "服务条款",
				"enablePullDownRefresh": false
			}
		},
		{
			"path" : "pages/client/filter",
			"style" :                                                                                    
			{
				"navigationBarTitleText": "筛选",
				"enablePullDownRefresh": false
			}
		},
		{
			"path" : "pages/client/clientSet/clientSet",
			"style" :                                                                                    
			{
				"navigationBarTitleText": "添加客户",
				"enablePullDownRefresh": false
			}
    },
		{
			"path" : "pages/business/addBusiness/index",
			"style" :                                                                                    
			{
				"navigationBarTitleText": "添加商机",
				"enablePullDownRefresh": false
			}
		},
		{
			"path" : "pages/contract/index",
			"style" :                                                                                    
			{
				"navigationBarTitleText": "添加合同",
				"enablePullDownRefresh": false
			}
				
		},
		{
			"path" : "pages/receivables/index",
			"style" :                                                                                    
			{
				"navigationBarTitleText": "",
				"enablePullDownRefresh": false
			}
		},
		{
			"path" : "pages/receivables/manage",
			"style" :                                                                                    
			{
				"navigationBarTitleText": "添加回款",
				"enablePullDownRefresh": false
			}
		},
		{
			"path" : "pages/highSeas/index",
			"style" :                                                                                    
			{
				"navigationBarTitleText": "公海",
				"navigationStyle": "custom",
				"enablePullDownRefresh": false
			}
		},
		{
			"path" : "pages/contacts/list",
			"style" :                                                                                    
			{
				"navigationBarTitleText": "联系人列表",
				"navigationStyle": "custom",
				"enablePullDownRefresh": false
			}
		},
		{
			"path" : "pages/contacts/detail",
			"style" :                                                                                    
			{
				"navigationBarTitleText": "联系人详情",
				"enablePullDownRefresh": false
			}
		},
		{
			"path" : "pages/contacts/addPerson",
			"style" :                                                                                    
			{
				"navigationBarTitleText": "添加联系人",
				"enablePullDownRefresh": false
			}
		},
		{
			"path" : "pages/more/index",
			"style" :                                                                                    
			{
				"navigationBarTitleText": "更多功能",
				"enablePullDownRefresh": false
			}
		},
		{
			"path" : "pages/more/subscribe",
			"style" :                                                                                    
			{
				"navigationBarTitleText": "订阅消息",
				"enablePullDownRefresh": false
			}
		},
		{
			"path" : "pages/client/followUp",
			"style" :                                                                                    
			{
				"navigationBarTitleText": "填写跟进记录",
				"enablePullDownRefresh": false
			}
		},
		{
			"path" : "pages/business/followUp",
			"style" :                                                                                    
			{
				"navigationBarTitleText": "填写跟进记录",
				"enablePullDownRefresh": false
			}
		},
		{
			"path" : "pages/client/customerDetails",
			"style" :                                                                                    
			{
				"navigationBarTitleText": "客户详情",
				"enablePullDownRefresh": false
			}
		},
		{
			"path" : "pages/business/detail",
			"style" :                                                                                    
			{
				"navigationBarTitleText": "商机详情",
				"enablePullDownRefresh": false
			}
		},
		{
			"path" : "pages/contract/list/index",
			"style" :                                                                                    
			{
				"navigationBarTitleText": "合同列表",
				"navigationStyle": "custom",
				"enablePullDownRefresh": false
			}
		},
		{
			"path" : "pages/receivables/list",
			"style" :                                                                                    
			{
				"navigationBarTitleText": "回款列表",
				"navigationStyle": "custom",
				"enablePullDownRefresh": false
			}
		},
		{
			"path" : "pages/member/list",
			"style" :                                                                                    
			{
				"navigationBarTitleText": "人员管理",
				"navigationStyle": "custom",
				"enablePullDownRefresh": false
			}
		},
		{
			"path" : "pages/member/setMember",
			"style" :                                                                                    
			{
				"navigationBarTitleText": "添加人员",
				"enablePullDownRefresh": false
			}
				
		},
		{
			"path" : "pages/product/list",
			"style" :                                                                                    
			{
				"navigationBarTitleText": "产品列表",
				"enablePullDownRefresh": false
			}
		},
		{
			"path" : "pages/performance/index",
			"style" :                                                                                    
			{
				"navigationBarTitleText": "业绩设置",
				"enablePullDownRefresh": false
			}
		},
		{
			"path" : "pages/product/setProduct",
			"style" :                                                                                    
			{
				"navigationBarTitleText": "添加产品",
				"enablePullDownRefresh": false
			}
		},
		{
			"path" : "pages/business/addBusiness/selectProduct",
			"style" :                                                                                    
			{
				"navigationBarTitleText": "选择产品",
				"navigationStyle": "custom",
				"enablePullDownRefresh": false
			}
				
		},
		{
			"path" : "pages/product/classify/classify",
			"style" :                                                                                    
			{
				"navigationBarTitleText": "添加分类",
				"enablePullDownRefresh": false
			}
		},
		{
			"path" : "pages/contacts/relevance",
			"style" :                                                                                    
			{
				"navigationBarTitleText": "关联联系人",
				"enablePullDownRefresh": false
			}
		},
		{
			"path" : "pages/more/personalDetails",
			"style" :                                                                                    
			{
				"navigationBarTitleText": "个人信息",
				"enablePullDownRefresh": false
			}
		},
		{
			"path" : "pages/backlog/list",
			"style" :                                                                                    
			{
				"navigationBarTitleText": "待审批列表",
				"enablePullDownRefresh": false
			}
		},
		{
			"path" : "pages/backlog/check",
			"style" :                                                                                    
			{
				"navigationBarTitleText": "审核",
				"enablePullDownRefresh": false
			}
		},
		{
			"path" : "pages/backlog/receivablesCheck",
			"style" :                                                                                    
			{
				"navigationBarTitleText": "回款审批",
				"enablePullDownRefresh": false
			}
		},
		{
			"path" : "pages/business/filter",
			"style" :                                                                                    
			{
				"navigationBarTitleText": "筛选",
				"enablePullDownRefresh": false
			}
		},
		{
			"path" : "pages/performance/celeritySet",
			"style" :                                                                                    
			{
				"navigationBarTitleText": "快速设置",
				"enablePullDownRefresh": false
			}
		},
		{
			"path" : "pages/performance/filter",
			"style" :                                                                                    
			{
				"navigationBarTitleText": "业绩筛选",
				"enablePullDownRefresh": false
			}
		},
		{
			"path" : "pages/presentation/filter",
			"style" :                                                                                    
			{
				"navigationBarTitleText": "数据筛选",
				"enablePullDownRefresh": false
			}
		},
		{
			"path" : "pages/contacts/filter",
			"style" :                                                                                    
			{
				"navigationBarTitleText": "联系人筛选",
				"enablePullDownRefresh": false
			}
		},
		{
			"path" : "pages/index/filter",
			"style" :                                                                                    
			{
				"navigationBarTitleText": "筛选",
				"enablePullDownRefresh": false
			}
		},
		{
			"path" : "pages/client/details/index",
			"style" :                                                                                    
			{
				"navigationBarTitleText": "客户详情",
				"enablePullDownRefresh": false
			}
		},
		{
			"path": "pages/login/auth",
			"style": {
				"navigationBarTitleText": "微信授权",
				"navigationStyle": "custom",
				"navigationBarTextStyle": "white"
			}
		},
		{
			"path" : "pages/member/third",
			"style" :                                                                                    
			{
				"navigationBarTitleText": "第三方登录",
				"enablePullDownRefresh": false
			}
		},
		{
			"path" : "pages/backlog/checkLog",
			"style" :                                                                                    
			{
				"navigationBarTitleText": "审核日志",
				"enablePullDownRefresh": false
			}
		},
		{
			"path" : "pages/check/index",
			"style" :                                                                                    
			{
				"navigationBarTitleText": "客户查重",
				"enablePullDownRefresh": false
			}
		},
		{
			"path" : "pages/more/transfer",
			"style" :                                                                                    
			{
				"navigationBarTitleText": "转移客户",
				"navigationStyle": "custom",
				"enablePullDownRefresh": false
			}
		},
		{
			"path" : "pages/more/shiftClue",
			"style" :                                                                                    
			{
				"navigationBarTitleText": "转移线索",
				"navigationStyle": "custom",
				"enablePullDownRefresh": false
			}
		},
		{
			"path" : "pages/send/index",
			"style" :                                                                                    
			{
				"navigationBarTitleText": "发送信息",
				"enablePullDownRefresh": false
			}
		},
		{
			"path" : "pages/more/cloudCallSet",
			"style" :                                                                                    
			{
				"navigationBarTitleText": "云呼设置",
				"enablePullDownRefresh": false
			}
		},
		{
			"path" : "pages/more/sign",
			"style" :                                                                                    
			{
				"navigationBarTitleText": "外访签到",
				"enablePullDownRefresh": false
			}
		}
	],
	"globalStyle": {
		"navigationBarTextStyle": "black",
		"navigationBarTitleText": "uView",
		"navigationBarBackgroundColor": "#FFFFFF",
		"backgroundColor": "#FFFFFF"
	},
	"tabBar": {
		"list": [
			{
				"pagePath": "pages/index/index"
			},
			{
				"pagePath": "pages/client/index"
			},
			{
				"pagePath": "pages/business/index"
			},
			{
				"pagePath": "pages/clues/list"
			},
			{
				"pagePath": "pages/presentation/index"
			}
		]
	},
	"condition" : {
		"current": 0, 
		"list": [
			{
				"name": "", 
				"path": "", 
				"query": "" 
			}
		]
	}
}
