{"navbar":{"titleColor":"#fff","bgColor":{"background":"#fe644a"},"backIconColor":"#fff","backTextStyle":{"color":"#fff"},"titleSize":"35","isshow":true},"theme":{"color":"#fe644a","bgColor":"#ffffff","title":"CRM客户管理系统","logo":"\/assets\/addons\/facrm\/img\/logo.png","discription":"客户管理,合同管理,业绩管理"},"tabbar":{"color":"#999","selectColor":"#000","bgColor":"#ffffff","height":"100","borderTop":"#66ffff","iconSize":"40","list":[{"image":"\/assets\/addons\/facrm\/img\/home.png","selectedImage":"\/assets\/addons\/facrm\/img\/home-active.png","text":"首页","path":"\/pages\/index\/index","count":0,"isDot":false,"badgeColor":"#fe644a","badgeBgColor":"#ffffff"},{"image":"\/assets\/addons\/facrm\/img\/client.png","selectedImage":"\/assets\/addons\/facrm\/img\/client-active.png","text":"客户","path":"\/pages\/client\/index","count":0,"isDot":false,"badgeColor":"#374486","badgeBgColor":"#ffffff"},{"image":"\/assets\/addons\/facrm\/img\/business.png","selectedImage":"\/assets\/addons\/facrm\/img\/business-active.png","text":"商机","path":"\/pages\/business\/index","count":0,"isDot":false,"badgeColor":"#374486","badgeBgColor":"#ffffff"},{"image":"\/assets\/addons\/facrm\/img\/clue.png","selectedImage":"\/assets\/addons\/facrm\/img\/clue-active.png","text":"线索","path":"\/pages\/clues\/list","count":0,"isDot":false,"badgeColor":"#374486","badgeBgColor":"#ffffff"},{"image":"\/assets\/addons\/facrm\/img\/data.png","selectedImage":"\/assets\/addons\/facrm\/img\/data-active.png","text":"数据","path":"\/pages\/presentation\/index","count":0,"isDot":false,"badgeColor":"#374486","badgeBgColor":"#ffffff"}],"isshow":true}}